signal de sortie filtré	signal d'origine
0.000000	-4.000000
-3.388985	-2.000000
-1.388985	0.000000
-0.000000	1.000000
1.611015	4.000000
4.611015	6.000000
6.611015	8.000000
8.000000	9.000000
9.611015	11.000000
11.000000	12.000000
12.000000	13.000000
13.000000	13.000000
13.611015	14.000000
14.000000	14.000000
13.388985	13.000000
13.000000	12.000000
12.000000	11.000000
10.388985	10.000000
9.388985	8.000000
7.388985	6.000000
5.388985	4.000000
3.388985	2.000000
1.388985	0.000000
0.000000	-1.000000
-1.611015	-4.000000
-4.611015	-6.000000
-6.611015	-8.000000
-8.000000	-9.000000
-9.611015	-11.000000
-11.000000	-12.000000
-12.000000	-13.000000
-13.000000	-13.000000
-13.611015	-14.000000
-14.000000	-14.000000
-13.388985	-13.000000
-13.000000	-12.000000
-12.000000	-11.000000
-10.388985	-10.000000
-9.388985	-8.000000
-7.388985	-6.000000
-5.388985	-4.000000
-3.388985	-2.000000
-1.388985	0.000000
-0.000000	1.000000
1.611015	4.000000
4.611015	6.000000
6.611015	8.000000
8.000000	9.000000
9.611015	11.000000
11.000000	12.000000
12.000000	13.000000
-nan	13.000000
13.611015	14.000000
14.000000	14.000000
13.388985	13.000000
13.000000	12.000000
12.000000	11.000000
10.388985	10.000000
9.388985	8.000000
7.388985	6.000000
5.388985	4.000000
3.388985	2.000000
1.388985	0.000000
0.000000	-1.000000
-1.611015	-4.000000
-4.611015	-6.000000
-6.611015	-8.000000
-8.000000	-9.000000
-9.611015	-11.000000
-11.000000	-12.000000
-12.000000	-13.000000
-13.000000	-13.000000
-13.611015	-14.000000
-14.000000	-14.000000
-13.388985	-13.000000
-nan	-12.000000
-12.000000	-11.000000
-10.388985	-10.000000
-9.388985	-8.000000
-7.388985	-6.000000
